Name,Year,Parental Rating,Community Rating
Havoc,2025,R,6.615
Sneaks,2025,PG,3.8
Sacramento,2025,R,7
Drop,2025,PG-13,6.5
Freaky Tales,2025,R,6.663
A Minecraft Movie,2025,CA-PG,6.2
The Friend,2025,R,6.5
Day of Reckoning,2025,R,6.846
The Ballad of Wallis Island,2025,PG-13,8.4
The Woman in the Yard,2025,PG-13,6.023
The Penguin Lessons,2025,PG-13,7.104
Death of a Unicorn,2025,R,6.2
Magazine Dreams,2025,R,6.286
Ash,2025,R,5.4
The Alto Knights,2025,R,6.1
Opus,2025,R,5.432
Novocaine,2025,R,6.9
Black Bag,2025,R,6.595
Holland,2025,R,5.346
Plankton: The Movie,2025,,6.715
Seven Veils,2025,NR,6
The Rule of Jenny Pen,2025,R,6.525
The Electric State,2025,PG-13,6.594
Another Simple Favor,2025,R,6.694
My Dead Friend Zoe,2025,R,7.1
Mickey 17,2025,CA-14A,7
Last Breath,2025,PG-13,6
We The North: From Prehistoric to Historic,2025,,0
Cleaner,2025,R,6.651
SNL50: The Homecoming Concert,2025,R,8.7
The Monkey,2025,R,5.869
The Gorge,2025,CA-14A,7.8
Captain America: Brave New World,2025,PG-13,6.2
Bridget Jones: Mad About the Boy,2025,R,6.8
Love Hurts,2025,R,5.5
Heart Eyes,2025,R,6.138
Becoming Led Zeppelin,2025,PG-13,7.4
Ladies & Gentlemen... 50 Years of SNL Music,2025,,7.7
Dog Man,2025,PG,7
Flight Risk,2025,CA-14A,5.995
Companion,2025,CA-14A,7.1
Presence,2025,CA-14A,6.3
One of Them Days,2025,R,7.1
Wolf Man,2025,R,6.354
Den of Thieves 2: Pantera,2025,CA-14A,6.632
2073,2024,NR,7
Nosferatu,2024,CA-14A,6.706
Babygirl,2024,CA-18A,5.7
The Brutalist,2024,CA-18A,7
Sonic the Hedgehog 3,2024,PG,7.858
Mufasa: The Lion King,2024,PG,7.5
A Complete Unknown,2024,R,7.3
Better Man,2024,CA-14A,7.516
Old Guy,2024,R,4.7
The Last Showgirl,2024,R,6.2
The Bibi Files,2024,,7.8
Kraven the Hunter,2024,R,5.8
Y2K,2024,R,5.2
The Order,2024,R,7
Carry-On,2024,PG-13,7.3
Werewolves,2024,R,6.5
Moana 2,2024,PG,7.19
Wicked,2024,PG,7.427
Buy Now! The Shopping Conspiracy,2024,PG-13,6.8
Hot Frosty,2024,CA-PG,6.1
Paddington in Peru,2024,PG,6.9
September 5,2024,CA-PG,6.9
Elevation,2024,R,6.3
Gladiator II,2024,R,6.742
Small Things Like These,2024,PG-13,7
A Real Pain,2024,R,7.007
No Other Land,2024,NR,7.921
Red One,2024,PG-13,6.838
Heretic,2024,CA-14A,7.09
Juror #2,2024,PG-13,7.005
Here,2024,PG-13,6.7
Conclave,2024,PG,7.3
Venom: The Last Dance,2024,PG-13,6.78
Anora,2024,R,7.2
We Live in Time,2024,CA-14A,7.417
Piece by Piece,2024,PG,7.436
The Apprentice,2024,R,7.013
The Room Next Door,2024,PG-13,6.81
Woman of the Hour,2024,CA-14A,6.4
Joker: Folie à Deux,2024,CA-14A,5.448
Saturday Night,2024,CA-14A,6.703
The Outrun,2024,R,6.7
Megalopolis,2024,CA-14A,5.295
Apartment 7A,2024,CA-18A,6.1
I'm Still Here,2024,PG-13,8
The Seed of the Sacred Fig,2024,PG-13,7.658
My Old Ass,2024,R,6.7
The Wild Robot,2024,PG,8.356
Lee,2024,R,7.1
Transformers One,2024,PG,8.1
Speak No Evil,2024,CA-14A,7.261
The Substance,2024,CA-18A,7.295
The Return,2024,R,6.7
Beetlejuice Beetlejuice,2024,CA-14A,7.022
Flow,2024,PG,8.3
Afraid,2024,CA-PG,6.2
A Different Man,2024,R,7.3
Emilia Pérez,2024,CA-R,6.714
The Crow,2024,R,5.859
Blink Twice,2024,R,6.7
Alien: Romulus,2024,R,7.2
It Ends with Us,2024,PG-13,7.1
Cuckoo,2024,CA-14A,5.8
Trap,2024,CA-PG,6.398
Deadpool & Wolverine,2024,CA-R,7.63
Birdeater,2024,R,3.7
Sing Sing,2024,R,7.4
Twisters,2024,CA-PG,6.871
Longlegs,2024,CA-14A,6.608
Fly Me to the Moon,2024,CA-14A,6.9
Rumours,2024,CA-14A,4.8
A Quiet Place: Day One,2024,CA-14A,6.793
Despicable Me 4,2024,PG,7.075
Inside Out 2,2024,CA-G,7.57
Kinds of Kindness,2024,CA-R,6.518
Furiosa: A Mad Max Saga,2024,CA-14A,7.5
Hit Man,2024,CA-14A,6.821
The Fall Guy,2024,PG-13,7.047
Arcadian,2024,R,6.1
Civil War,2024,CA-14A,6.909
Monkey Man,2024,CA-18A,6.9
Godzilla x Kong: The New Empire,2024,PG-13,7.1
Ghostbusters: Frozen Empire,2024,PG-13,6.565
The Wonderful Story of Henry Sugar and Three More,2024,CA-PG,7.5
Kung Fu Panda 4,2024,CA-PG,7.086
Dune: Part Two,2024,CA-PG,8.2
Drive-Away Dolls,2024,CA-R,5.4
Madame Web,2024,PG-13,5.361
Bob Marley: One Love,2024,CA-G,6.726
Argylle,2024,CA-18A,6.061
I.S.S.,2024,CA-R,5.798
Night Swim,2024,CA-14A,5.579
Aquaman and the Lost Kingdom,2023,CA-PG,6.6
The Zone of Interest,2023,CA-14A,7
Ferrari,2023,CA-R,6.45
Poor Things,2023,CA-18A,7.706
Wonka,2023,PG,7.109
Napoleon,2023,CA-14A,6.393
Leave the World Behind,2023,R,6.4
The Hunger Games: The Ballad of Songbirds & Snakes,2023,PG-13,7.064
Perfect Days,2023,PG,7.8
Dream Scenario,2023,CA-14A,6.651
American Fiction,2023,CA-R,7.314
The Marvels,2023,CA-PG,6
Godzilla Minus One,2023,PG-13,7.6
Five Nights at Freddy's,2023,CA-14A,7.489
Killers of the Flower Moon,2023,CA-14A,7.4
The Delinquents,2023,,6.5
TAYLOR SWIFT | THE ERAS TOUR,2023,CA-PG,8.294
Trolls Band Together,2023,CA-G,7.311
Poison,2023,CA-PG,6.874
The Rat Catcher,2023,CA-PG,6.6
The Swan,2023,CA-PG,6.775
The Creator,2023,PG-13,7.069
The Wonderful Story of Henry Sugar,2023,CA-PG,7.234
Fallen Leaves,2023,NR,7.3
Anatomy of a Fall,2023,CA-14A,7.545
Blue Beetle,2023,CA-PG,6.7
Meg 2: The Trench,2023,PG-13,6.5
Talk to Me,2023,CA-14A,7.2
Oppenheimer,2023,CA-14A,8.061
Barbie,2023,CA-PG,6.983
The Boy and the Heron,2023,PG-13,7.5
Mission: Impossible - Dead Reckoning Part One,2023,CA-PG,7.545
Indiana Jones and the Dial of Destiny,2023,PG-13,6.6
The Flash,2023,PG-13,6.656
Asteroid City,2023,CA-18A,6.468
Spider-Man: Across the Spider-Verse,2023,PG,8.4
The Little Mermaid,2023,CA-PG,6.3
Fast X,2023,CA-R,7.1
Guardians of the Galaxy Vol. 3,2023,PG-13,7.965
Beau Is Afraid,2023,CA-18A,6.743
The Super Mario Bros. Movie,2023,CA-G,7.6
Air,2023,CA-18A,7.337
John Wick: Chapter 4,2023,R,7.731
Shazam! Fury of the Gods,2023,PG-13,6.481
65,2023,PG-13,5.966
Ant-Man and the Wasp: Quantumania,2023,PG-13,6.3
BlackBerry,2023,R,7.163
Knock at the Cabin,2023,CA-14A,6.273
Skinamarink,2023,CA-PG,5.5
M3GAN,2022,CA-14A,7.05
Babylon,2022,CA-18A,7.379
Avatar: The Way of Water,2022,CA-14A,7.619
The Whale,2022,CA-18A,7.832
Puss in Boots: The Last Wish,2022,CA-PG,8.2
Strange World,2022,CA-PG,6.3
Glass Onion: A Knives Out Mystery,2022,CA-PG,7.059
The Menu,2022,CA-14A,7.178
Black Adam,2022,CA-PG,6.9
Smile,2022,CA-14A,6.7
Don't Worry Darling,2022,R,6.801
Barbarian,2022,CA-14A,6.816
Bullet Train,2022,CA-14A,7.5
Prey,2022,R,7.7
Nope,2022,CA-14A,6.845
The Gray Man,2022,PG-13,7
Thor: Love and Thunder,2022,PG-13,6.418
Minions: The Rise of Gru,2022,PG,7.306
Lightyear,2022,PG,6.957
Jurassic World Dominion,2022,PG-13,6.694
The Bob's Burgers Movie,2022,CA-PG,7
Top Gun: Maverick,2022,PG-13,8.2
Men,2022,CA-R,6.1
Doctor Strange in the Multiverse of Madness,2022,PG-13,7.3
Fantastic Beasts: The Secrets of Dumbledore,2022,PG-13,6.6
Sonic the Hedgehog 2,2022,CA-PG,7.489
Morbius,2022,PG-13,6
The Batman,2022,CA-PG,7.659
No Exit,2022,CA-R,6.9
Uncharted,2022,PG-13,6.9
Moonfall,2022,CA-18A,6.285
Hotel Transylvania: Transformania,2022,PG,7.1
The Ice Age Adventures of Buck Wild,2022,PG,6.6
Spider-Man: No Way Home,2021,PG-13,7.956
Don't Look Up,2021,CA-R,7.08
Sing 2,2021,PG,7.9
House of Gucci,2021,R,6.589
Ghostbusters: Afterlife,2021,PG-13,7.4
Red Notice,2021,PG-13,6.766
Eternals,2021,PG-13,6.831
The French Dispatch,2021,R,7.032
Encanto,2021,CA-G,7.598
Venom: Let There Be Carnage,2021,PG-13,6.798
No Time to Die,2021,CA-14A,7.372
The Summit of the Gods,2021,PG,7.8
Dune,2021,PG-13,7.782
The Tomorrow War,2021,CA-18A,7.511
The Card Counter,2021,CA-14A,6.1
Shang-Chi and the Legend of the Ten Rings,2021,PG-13,7.527
Candyman,2021,CA-14A,6
Don't Breathe 2,2021,R,7.05
Free Guy,2021,PG-13,7.485
The Suicide Squad,2021,R,7.5
Old,2021,PG-13,6.332
Space Jam: A New Legacy,2021,PG,6.711
Black Widow,2021,PG-13,7.208
The Boss Baby: Family Business,2021,PG,7.356
The Forever Purge,2021,R,6.9
Luca,2021,CA-PG,7.819
Hitman's Wife's Bodyguard,2021,R,6.7
Cruella,2021,PG-13,7.994
A Quiet Place Part II,2021,CA-14A,7.5
F9,2021,PG-13,7.054
Godzilla vs. Kong,2021,CA-PG,7.6
Zack Snyder's Justice League,2021,R,8.119
Nobody,2021,R,7.926
Raya and the Last Dragon,2021,PG,7.845
Judas and the Black Messiah,2021,R,7.3
Soul,2020,PG,8.1
The Father,2020,PG-13,8.122
Wonder Woman 1984,2020,PG-13,6.4
The Croods: A New Age,2020,PG,7.479
Sound of Metal,2020,R,7.721
I'm Thinking of Ending Things,2020,R,6.581
Tenet,2020,CA-PG,7.2
The SpongeBob Movie: Sponge on the Run,2020,CA-G,7.447
Palm Springs,2020,R,7.33
Trolls World Tour,2020,PG,7.3
Onward,2020,PG,7.7
The Invisible Man,2020,R,7.1
The Call of the Wild,2020,PG,7.5
Sonic the Hedgehog,2020,CA-PG,7.3
Birds of Prey (and the Fantabulous Emancipation of One Harley Quinn),2020,CA-14A,6.9
The Courier,2020,PG-13,7.053
1917,2019,R,7.988
Togo,2019,PG,8.144
Star Wars: The Rise of Skywalker,2019,PG-13,6.3
Spies in Disguise,2019,PG,7.581
Jumanji: The Next Level,2019,PG-13,6.898
The Two Popes,2019,PG-13,7.5
Knives Out,2019,CA-PG,7.8
Dark Waters,2019,PG-13,7.5
Frozen II,2019,CA-G,7.3
Ford v Ferrari,2019,CA-PG,8.007
Last Christmas,2019,CA-PG,7.2
Doctor Sleep,2019,R,7.143
The Lighthouse,2019,CA-R,7.5
Jojo Rabbit,2019,PG-13,8.01
El Camino: A Breaking Bad Movie,2019,CA-R,6.964
Zombieland: Double Tap,2019,CA-14A,6.925
Gemini Man,2019,PG-13,6.283
Joker,2019,CA-14A,8.1
Marriage Story,2019,CA-PG,7.733
Abominable,2019,PG,7.5
Ad Astra,2019,CA-14A,6.108
Vivarium,2019,CA-14A,6.049
A Beautiful Day in the Neighborhood,2019,CA-PG,6.971
It Chapter Two,2019,R,6.837
Uncut Gems,2019,CA-14A,7.2
The Angry Birds Movie 2,2019,PG,7.1
Once Upon a Time... in Hollywood,2019,CA-14A,7.429
Midsommar,2019,CA-14A,7.155
Spider-Man: Far From Home,2019,CA-14A,7.4
Yesterday,2019,PG-13,6.7
Us,2019,R,6.969
Toy Story 4,2019,CA-G,7.488
Men in Black: International,2019,PG-13,5.9
Dark Phoenix,2019,PG-13,5.972
Godzilla: King of the Monsters,2019,CA-PG,6.7
The Secret Life of Pets 2,2019,PG,7
Aladdin,2019,PG,7.1
John Wick: Chapter 3 - Parabellum,2019,CA-18A,7.448
Pokémon Detective Pikachu,2019,CA-PG,6.92
Avengers: Endgame,2019,CA-PG,8.2
Missing Link,2019,PG,6.953
Shazam!,2019,PG-13,6.994
The Hummingbird Project,2019,CA-R,6.16
Captain Marvel,2019,PG-13,6.808
The Lego Movie 2: The Second Part,2019,CA-G,6.684
How to Train Your Dragon: The Hidden World,2019,CA-PG,7.751
Vice,2018,CA-18A,7.026
Bird Box,2018,CA-14A,6.832
Aquaman,2018,CA-PG,6.879
Spider-Man: Into the Spider-Verse,2018,PG,8.4
Ralph Breaks the Internet,2018,PG,7.2
Fantastic Beasts: The Crimes of Grindelwald,2018,PG-13,6.849
The Ballad of Buster Scruggs,2018,R,7.135
Bohemian Rhapsody,2018,PG-13,7.976
Prospect,2018,CA-PG,6.198
Venom,2018,PG-13,6.834
Smallfoot,2018,CA-G,6.782
A Simple Favor,2018,R,6.637
The Predator,2018,CA-18A,5.6
The Meg,2018,PG-13,6.248
BlacKkKlansman,2018,R,7.5
Under the Silver Lake,2018,CA-R,6.4
Mission: Impossible - Fallout,2018,PG-13,7.433
Sorry to Bother You,2018,R,6.799
The First Purge,2018,R,5.998
Ant-Man and the Wasp,2018,PG-13,6.92
Hotel Transylvania 3: Summer Vacation,2018,CA-G,6.9
Incredibles 2,2018,PG,7.463
Ocean's Eight,2018,PG-13,6.983
Hereditary,2018,CA-14A,7.291
Jurassic World: Fallen Kingdom,2018,PG-13,6.543
Solo: A Star Wars Story,2018,PG-13,6.6
Deadpool 2,2018,CA-14A,7.5
Avengers: Infinity War,2018,CA-PG,8.2
Rampage,2018,PG-13,6.455
A Quiet Place,2018,CA-14A,7.404
Ready Player One,2018,CA-PG,7.595
Isle of Dogs,2018,PG-13,7.85
Pacific Rim: Uprising,2018,PG-13,6.134
Annihilation,2018,CA-18A,6.4
Black Panther,2018,CA-PG,7.373
Revenge,2018,CA-18A,6.5
Den of Thieves,2018,CA-14A,6.835
Fifty Shades Freed,2018,R,6.7
The Post,2017,PG-13,7.008
Downsizing,2017,R,5.367
The Greatest Showman,2017,PG,7.881
Star Wars: The Last Jedi,2017,PG-13,6.789
Jumanji: Welcome to the Jungle,2017,CA-PG,6.821
"I, Tonya",2017,CA-18A,7.483
Molly's Game,2017,R,7.15
Justice League,2017,CA-PG,6.075
Paddington 2,2017,PG,7.5
Coco,2017,PG,8.2
Suburbicon,2017,CA-R,5.883
The Florida Project,2017,CA-R,7.4
Blade Runner 2049,2017,R,7.569
Thor: Ragnarok,2017,PG-13,7.589
The Lego Ninjago Movie,2017,PG,6.5
Kingsman: The Golden Circle,2017,R,6.967
It,2017,CA-18A,7.241
American Made,2017,R,6.889
The Hitman's Bodyguard,2017,R,6.891
Wind River,2017,CA-R,7.4
The Emoji Movie,2017,PG,5.4
Dunkirk,2017,CA-PG,7.45
Spider-Man: Homecoming,2017,CA-PG,7.3
Baby Driver,2017,CA-14A,7.448
Loving Vincent,2017,PG-13,7.991
Transformers: The Last Knight,2017,CA-PG,6.1
Despicable Me 3,2017,CA-G,6.5
Cars 3,2017,G,6.9
The Mummy,2017,CA-PG,5.516
Captain Underpants: The First Epic Movie,2017,CA-G,6.227
Wonder Woman,2017,CA-PG,7.2
Pirates of the Caribbean: Dead Men Tell No Tales,2017,CA-PG,6.652
Alien: Covenant,2017,R,6.146
The Circle,2017,PG-13,5.52
Guardians of the Galaxy Vol. 2,2017,CA-PG,7.612
The Fate of the Furious,2017,CA-PG,6.865
Smurfs: The Lost Village,2017,PG,6.3
The Boss Baby,2017,PG,6.4
Life,2017,CA-14A,6.441
The Disaster Artist,2017,CA-R,7.108
Kong: Skull Island,2017,CA-14A,6.544
Get Out,2017,CA-14A,7.62
The Lego Batman Movie,2017,PG,7.226
John Wick: Chapter 2,2017,CA-18A,7.3
Fifty Shades Darker,2017,R,6.5
Split,2017,PG-13,7.343
Passengers,2016,PG-13,6.953
Rogue One: A Star Wars Story,2016,CA-PG,7.493
Hidden Figures,2016,PG,8.056
La La Land,2016,PG-13,7.9
The Founder,2016,PG-13,7.131
Sing,2016,CA-G,7.1
Manchester by the Sea,2016,CA-18A,7.546
Fantastic Beasts and Where to Find Them,2016,CA-PG,7.317
Arrival,2016,CA-PG,7.6
Doctor Strange,2016,CA-PG,7.418
Moonlight,2016,CA-14A,7.373
Trolls,2016,PG,6.637
Moana,2016,CA-G,7.566
Storks,2016,PG,6.7
Snowden,2016,CA-14A,7.105
Kubo and the Two Strings,2016,CA-PG,7.6
Suicide Squad,2016,CA-PG,5.919
Ghostbusters,2016,PG-13,5.358
The Purge: Election Year,2016,R,6.394
Ice Age: Collision Course,2016,CA-G,6.1
Independence Day: Resurgence,2016,PG-13,5.333
The Secret Life of Pets,2016,CA-G,6.292
Finding Dory,2016,PG,7
Central Intelligence,2016,CA-PG,6.415
Don't Breathe,2016,CA-14A,7
Now You See Me 2,2016,CA-PG,6.823
X-Men: Apocalypse,2016,PG-13,6.513
The Nice Guys,2016,R,7.12
The Angry Birds Movie,2016,CA-G,6.231
Captain America: Civil War,2016,CA-PG,7.4
Batman v Superman: Dawn of Justice,2016,CA-14A,5.978
London Has Fallen,2016,CA-18A,6.206
The Witch,2016,CA-R,6.973
Zootopia,2016,CA-G,7.749
Deadpool,2016,CA-14A,7.6
Zoolander 2,2016,PG-13,4.923
"Hail, Caesar!",2016,PG-13,5.923
The Revenant,2015,CA-14A,7.533
The Hateful Eight,2015,R,7.755
Star Wars: The Force Awakens,2015,CA-PG,7.273
The Big Short,2015,CA-R,7.352
The Hunger Games: Mockingjay - Part 2,2015,CA-PG,6.898
The Good Dinosaur,2015,PG,6.735
The Peanuts Movie,2015,CA-G,6.926
Spectre,2015,CA-PG,6.55
The Martian,2015,CA-PG,7.688
Hotel Transylvania 2,2015,CA-G,6.766
Sicario,2015,CA-14A,7.403
Mission: Impossible - Rogue Nation,2015,CA-PG,7.206
Ant-Man,2015,CA-PG,7.1
Terminator Genisys,2015,CA-14A,5.9
Minions,2015,CA-G,6.41
Inside Out,2015,CA-G,7.9
Jurassic World,2015,CA-PG,6.691
San Andreas,2015,CA-PG,6.245
Mad Max: Fury Road,2015,CA-14A,7.616
She's Funny That Way,2015,R,5.9
Avengers: Age of Ultron,2015,CA-PG,7.271
Furious 7,2015,CA-PG,7.229
Home,2015,CA-G,6.8
Chappie,2015,CA-14A,6.787
Fifty Shades of Grey,2015,R,5.879
It Follows,2015,CA-R,6.6
The SpongeBob Movie: Sponge Out of Water,2015,CA-G,6.094
Kingsman: The Secret Service,2015,R,7.6
Ex Machina,2015,CA-R,7.572
Night at the Museum: Secret of the Tomb,2014,CA-PG,6.218
Taken 3,2014,CA-14A,6.259
Paddington,2014,PG,7.1
The Hunger Games: Mockingjay - Part 1,2014,CA-PG,6.813
The Imitation Game,2014,CA-PG,7.996
Interstellar,2014,CA-PG,8.442
Big Hero 6,2014,CA-G,7.732
Nightcrawler,2014,CA-14A,7.705
John Wick,2014,CA-14A,7.4
Birdman or (The Unexpected Virtue of Ignorance),2014,CA-14A,7.464
Whiplash,2014,CA-R,8.38
Gone Girl,2014,R,7.9
The Book of Life,2014,PG,7.543
The Boxtrolls,2014,PG,6.7
Guardians of the Galaxy,2014,CA-PG,7.904
The Purge: Anarchy,2014,R,6.64
Transformers: Age of Extinction,2014,CA-14A,5.942
Earth to Echo,2014,CA-PG,5.905
How to Train Your Dragon 2,2014,PG,7.675
X-Men: Days of Future Past,2014,PG-13,7.528
Godzilla,2014,CA-PG,6.3
The Amazing Spider-Man 2,2014,CA-PG,6.518
Muppets Most Wanted,2014,CA-G,6.3
Captain America: The Winter Soldier,2014,CA-PG,7.657
Rio 2,2014,CA-G,6.5
The Grand Budapest Hotel,2014,CA-14A,8.049
Mr. Peabody & Sherman,2014,CA-G,6.7
The Lego Movie,2014,CA-G,7.4
Marvel One-Shot: All Hail the King,2014,PG-13,6.8
The Wolf of Wall Street,2013,CA-18A,8
The Secret Life of Walter Mitty,2013,CA-PG,7.2
Her,2013,R,7.855
Anchorman 2: The Legend Continues,2013,CA-PG,6.137
Frozen,2013,CA-G,7.245
The Hunger Games: Catching Fire,2013,CA-PG,7.428
Thor: The Dark World,2013,PG-13,6.516
Inside Llewyn Davis,2013,CA-R,7.2
Captain Phillips,2013,CA-PG,7.547
Gravity,2013,CA-PG,7.162
Cloudy with a Chance of Meatballs 2,2013,CA-G,6.428
Prisoners,2013,CA-14A,8.1
Elysium,2013,CA-14A,6.513
The Smurfs 2,2013,CA-G,5.759
Turbo,2013,CA-G,6.226
Pacific Rim,2013,CA-PG,6.909
Despicable Me 2,2013,CA-G,6.9
World War Z,2013,CA-14A,6.8
Monsters University,2013,CA-G,7.04
Man of Steel,2013,CA-18A,6.631
The Purge,2013,R,6.257
Now You See Me,2013,PG-13,7.335
Fast & Furious 6,2013,CA-PG,6.818
Iron Man 3,2013,CA-PG,6.9
Olympus Has Fallen,2013,CA-14A,6.405
The Croods,2013,CA-G,6.9
A Good Day to Die Hard,2013,CA-14A,5.335
Django Unchained,2012,CA-18A,8.2
Rise of the Guardians,2012,CA-G,7.362
Wreck-It Ralph,2012,CA-G,7.341
Skyfall,2012,CA-PG,7.245
Taken 2,2012,CA-14A,6.361
Looper,2012,R,6.889
Hotel Transylvania,2012,CA-PG,7
ParaNorman,2012,PG,6.989
The Dark Knight Rises,2012,CA-PG,7.781
Ice Age: Continental Drift,2012,CA-G,6.38
The Amazing Spider-Man,2012,CA-PG,6.714
Brave,2012,PG,7.021
Prometheus,2012,R,6.569
Men in Black 3,2012,CA-PG,6.5
Moonrise Kingdom,2012,CA-18A,7.684
The Avengers,2012,CA-PG,7.744
The Cabin in the Woods,2012,CA-R,6.6
The Hunger Games,2012,CA-PG,7.212
The Lorax,2012,CA-G,6.5
Mission: Impossible - Ghost Protocol,2011,CA-14A,7.1
The Muppets,2011,CA-G,6.7
The Adventures of Tintin,2011,PG,6.9
The Thing,2011,R,6.226
Real Steel,2011,PG-13,7.05
Moneyball,2011,PG-13,7.28
Drive,2011,CA-18A,7.6
Marvel One-Shot: The Consultant,2011,PG-13,6.3
Contagion,2011,CA-PG,6.644
The Smurfs,2011,PG,5.8
Captain America: The First Avenger,2011,CA-PG,7
Harry Potter and the Deathly Hallows: Part 2,2011,PG-13,8.092
Transformers: Dark of the Moon,2011,PG-13,6.208
Cars 2,2011,G,6.1
X-Men: First Class,2011,CA-PG,7.297
Kung Fu Panda 2,2011,PG,7
Pirates of the Caribbean: On Stranger Tides,2011,CA-PG,6.556
Thor,2011,PG-13,6.769
Fast Five,2011,CA-PG,7.242
Rio,2011,CA-G,6.741
Source Code,2011,CA-PG,7.302
Hop,2011,CA-G,5.8
Mars Needs Moms,2011,PG,5.946
Rango,2011,CA-PG,6.9
True Grit,2010,CA-14A,7.307
Yogi Bear,2010,PG,5.6
TRON: Legacy,2010,PG,6.492
Black Swan,2010,R,7.686
Tangled,2010,CA-G,7.604
Harry Potter and the Deathly Hallows: Part 1,2010,PG-13,7.75
Megamind,2010,PG,7
The Social Network,2010,CA-PG,7.37
Incendies,2010,CA-14A,8.108
Inception,2010,CA-14A,8.369
Despicable Me,2010,CA-G,7.247
Predators,2010,CA-18A,6.3
Toy Story 3,2010,CA-G,7.8
Shrek Forever After,2010,CA-G,6.379
Iron Man 2,2010,CA-PG,6.843
How to Train Your Dragon,2010,CA-PG,7.832
Shutter Island,2010,CA-14A,8.2
Avatar,2009,CA-PG,7.582
The Princess and the Frog,2009,G,7.2
Up in the Air,2009,CA-R,6.869
The Road,2009,CA-14A,7
Planet 51,2009,PG,5.9
Fantastic Mr. Fox,2009,CA-G,7.805
Zombieland,2009,R,7.26
Cloudy with a Chance of Meatballs,2009,CA-G,6.6
District 9,2009,R,7.447
Inglourious Basterds,2009,CA-18A,8.215
G-Force,2009,PG,5.4
Harry Potter and the Half-Blood Prince,2009,CA-PG,7.688
Ice Age: Dawn of the Dinosaurs,2009,CA-G,6.8
Transformers: Revenge of the Fallen,2009,CA-14A,6.195
Up,2009,CA-PG,8
Terminator Salvation,2009,PG-13,6.1
Night at the Museum: Battle of the Smithsonian,2009,CA-G,6.142
S. Darko,2009,R,4.4
Fast & Furious,2009,CA-14A,6.7
Monsters vs Aliens,2009,CA-PG,6.217
The Pink Panther 2,2009,PG,5.7
Coraline,2009,CA-PG,7.892
Bolt,2008,CA-G,6.52
Dear Zachary: A Letter to a Son About His Father,2008,NR,8.1
Quantum of Solace,2008,CA-PG,6.327
Tinker Bell,2008,G,6.897
Burn After Reading,2008,R,6.654
The Little Mermaid: Ariel's Beginning,2008,PG,6.695
Tropic Thunder,2008,CA-18A,6.687
The Dark Knight,2008,CA-14A,8.5
Hancock,2008,CA-14A,6.3
Space Chimps,2008,G,4.9
WALL·E,2008,CA-G,8.097
The Incredible Hulk,2008,CA-PG,6.22
The Happening,2008,R,5.4
Kung Fu Panda,2008,PG,7.3
Indiana Jones and the Kingdom of the Crystal Skull,2008,CA-G,6.012
Iron Man,2008,CA-PG,7.647
21,2008,PG-13,6.69
Horton Hears a Who!,2008,G,6.49
Taken,2008,CA-14A,7.396
Aliens vs Predator: Requiem,2007,R,5.2
National Treasure: Book of Secrets,2007,CA-PG,6.358
Enchanted,2007,CA-G,6.836
Hotel Chevalier,2007,R,6.906
The Darjeeling Limited,2007,R,7.2
Disney Princess Enchanted Tales: Follow Your Dreams,2007,G,6.5
The Simpsons Movie,2007,PG-13,7.01
Harry Potter and the Order of the Phoenix,2007,PG-13,7.677
Transformers,2007,PG-13,6.809
Ratatouille,2007,CA-G,7.8
Live Free or Die Hard,2007,CA-14A,6.626
No Country for Old Men,2007,CA-18A,7.945
Ocean's Thirteen,2007,CA-PG,6.727
Death Proof,2007,CA-18A,6.834
Pirates of the Caribbean: At World's End,2007,CA-PG,7.3
Shrek the Third,2007,CA-G,6.297
Spider-Man 3,2007,PG-13,6.436
28 Weeks Later,2007,R,6.611
Grindhouse,2007,R,6.989
Meet the Robinsons,2007,G,6.917
Zodiac,2007,CA-14A,7.5
Cinderella III: A Twist in Time,2007,G,6.538
Night at the Museum,2006,CA-PG,6.587
The Holiday,2006,PG-13,7.1
Casino Royale,2006,CA-14A,7.559
The Fox and the Hound 2,2006,G,6
The Prestige,2006,CA-PG,8.203
The Departed,2006,CA-18A,8.163
Children of Men,2006,CA-14A,7.6
Stranger Than Fiction,2006,PG-13,7.276
Idiocracy,2006,R,6.347
Brother Bear 2,2006,G,6.7
Pirates of the Caribbean: Dead Man's Chest,2006,CA-PG,7.4
Leroy & Stitch,2006,G,6.563
Click,2006,PG-13,6.293
Cars,2006,CA-G,7
The Fast and the Furious: Tokyo Drift,2006,CA-PG,6.514
X-Men: The Last Stand,2006,PG-13,6.406
Over the Hedge,2006,CA-PG,6.6
Mission: Impossible III,2006,CA-14A,6.742
Ice Age: The Meltdown,2006,CA-PG,6.71
V for Vendetta,2006,R,7.9
The Pink Panther,2006,PG,5.8
Bambi II,2006,G,6.5
Kronk's New Groove,2005,G,6.4
Harry Potter and the Goblet of Fire,2005,CA-PG,7.808
Zathura: A Space Adventure,2005,PG,6.419
Chicken Little,2005,CA-G,5.898
Disney's Christmas Favorites,2005,NR,6.8
The Squid and the Whale,2005,R,6.9
Corpse Bride,2005,CA-PG,7.582
Charlie and the Chocolate Factory,2005,CA-G,7.045
Tarzan II,2005,G,6.073
Batman Begins,2005,CA-PG,7.709
Madagascar,2005,CA-G,6.909
Star Wars: Episode III - Revenge of the Sith,2005,CA-PG,7.434
Kim Possible Movie: So the Drama,2005,G,6.899
Robots,2005,PG,6.461
Pooh's Heffalump Movie,2005,G,6.8
Lilo & Stitch 2: Stitch Has a Glitch,2005,PG,6.663
The Aviator,2004,CA-G,7.22
The Life Aquatic with Steve Zissou,2004,R,7.1
Ocean's Twelve,2004,PG-13,6.6
Kim Possible: The Villain Files,2004,G,7.654
National Treasure,2004,PG,6.6
Mickey's Twice Upon a Christmas,2004,G,7.005
Mulan II,2004,G,6.508
The Incredibles,2004,CA-G,7.71
"Mickey, Donald, Goofy: The Three Musketeers",2004,G,6.7
The Machinist,2004,CA-18A,7.5
Anchorman: The Legend of Ron Burgundy,2004,CA-14A,6.699
Spider-Man 2,2004,PG-13,7.291
Napoleon Dynamite,2004,CA-PG,6.8
Harry Potter and the Prisoner of Azkaban,2004,PG,8.016
The Day After Tomorrow,2004,CA-PG,6.538
Shrek 2,2004,PG,7.282
Kill Bill: Vol. 2,2004,R,7.874
Home on the Range,2004,PG,6.061
The Ladykillers,2004,CA-14A,6.133
Scooby-Doo 2: Monsters Unleashed,2004,PG,6.1
Winnie the Pooh: Springtime with Roo,2004,G,6.792
The Lion King 1½,2004,G,6.582
It's a Very Merry Muppet Christmas Movie,2003,PG,6
The Lord of the Rings: The Return of the King,2003,CA-PG,8.483
Kim Possible: A Sitch In Time,2003,G,6.703
The Matrix Revolutions,2003,CA-14A,6.728
Brother Bear,2003,G,7.3
Kill Bill: Vol. 1,2003,R,7.97
Elf,2003,CA-G,6.654
Lost in Translation,2003,R,7.387
Stitch! The Movie,2003,G,6.433
Kim Possible: The Secret Files,2003,G,6.921
Intolerable Cruelty,2003,PG-13,5.939
Pirates of the Caribbean: The Curse of the Black Pearl,2003,CA-PG,7.808
Terminator 3: Rise of the Machines,2003,R,6.164
2 Fast 2 Furious,2003,CA-14A,6.5
Finding Nemo,2003,G,7.819
The Matrix Reloaded,2003,CA-14A,7.1
Memories of Murder,2003,CA-14A,8.063
X2,2003,PG-13,7
Piglet's Big Movie,2003,G,6.702
101 Dalmatians II: Patch's London Adventure,2003,CA-G,6
Atlantis: Milo's Return,2003,G,6.3
The Jungle Book 2,2003,G,5.9
The Lord of the Rings: The Two Towers,2002,PG-13,8.404
Catch Me If You Can,2002,CA-18A,7.979
Treasure Planet,2002,PG,7.556
Harry Potter and the Chamber of Secrets,2002,PG,7.716
Winnie the Pooh: A Very Merry Pooh Year,2002,G,6.885
28 Days Later,2002,CA-18A,7.227
Men in Black II,2002,CA-PG,6.371
Tarzan & Jane,2002,G,5.998
Lilo & Stitch,2002,PG,7.536
Minority Report,2002,CA-14A,7.35
Scooby-Doo,2002,CA-PG,6.1
Star Wars: Episode II - Attack of the Clones,2002,PG,6.568
Spider-Man,2002,PG-13,7.309
Ice Age,2002,CA-G,7.4
Cinderella II: Dreams Come True,2002,G,6.102
Return to Never Land,2002,G,6.5
The Hunchback of Notre Dame II,2002,G,5.4
The Lord of the Rings: The Fellowship of the Ring,2001,CA-18A,8.42
Ocean's Eleven,2001,PG-13,7.4
Harry Potter and the Philosopher's Stone,2001,PG,7.914
Mickey's Magical Christmas: Snowed in at the House of Mouse,2001,G,6.9
"Monsters, Inc.",2001,CA-G,7.845
The Royal Tenenbaums,2001,CA-14A,7.5
Zoolander,2001,CA-14A,6.203
Jurassic Park III,2001,PG-13,6.144
The Fast and the Furious,2001,CA-14A,6.986
Atlantis: The Lost Empire,2001,PG,7.011
Shrek,2001,PG,7.7
Bridget Jones's Diary,2001,CA-R,6.7
Lady and the Tramp II: Scamp's Adventure,2001,G,6.3
Donnie Darko,2001,CA-14A,7.77
Cast Away,2000,PG-13,7.658
The Emperor's New Groove,2000,G,7.556
Unbreakable,2000,CA-PG,7.142
Memento,2000,CA-14A,8.178
Requiem for a Dream,2000,CA-R,8
Buzz Lightyear of Star Command: The Adventure Begins,2000,NR,6.4
X-Men,2000,PG-13,7.001
Mission: Impossible II,2000,CA-14A,6.128
Dinosaur,2000,PG,6.542
Gladiator,2000,CA-18A,8.217
American Psycho,2000,CA-18A,7.401
An Extremely Goofy Movie,2000,G,6.415
The Tigger Movie,2000,G,6.556
The Little Mermaid II: Return to the Sea,2000,G,6.411
Fantasia 2000,2000,G,6.967
Winnie the Pooh: Seasons of Giving,1999,G,6.759
Mickey's Once Upon a Christmas,1999,G,7.1
Toy Story 2,1999,CA-G,7.597
Fight Club,1999,CA-18A,8.4
The Sixth Sense,1999,PG-13,7.952
Muppets from Space,1999,G,6
Tarzan,1999,G,7.4
Star Wars: Episode I - The Phantom Menace,1999,CA-PG,6.556
The Matrix,1999,CA-14A,8.218
Office Space,1999,R,7.372
The Prince of Egypt,1998,PG,7.282
Rushmore,1998,R,7.402
A Bug's Life,1998,G,6.973
The Lion King II: Simba's Pride,1998,G,6.948
Pocahontas II: Journey to a New World,1998,G,5.5
Saving Private Ryan,1998,CA-18A,8.2
American History X,1998,R,8.337
Mulan,1998,G,7.9
The Truman Show,1998,CA-PG,8.146
FernGully 2: The Magical Rescue,1998,G,5.7
Belle's Magical World,1998,G,6.2
Jackie Brown,1997,R,7.358
Titanic,1997,CA-18A,7.905
Alien Resurrection,1997,R,6.155
Beauty and the Beast: The Enchanted Christmas,1997,G,6.227
Pooh's Grand Adventure: The Search for Christopher Robin,1997,G,7.162
Men in Black,1997,CA-PG,7.202
Speed 2: Cruise Control,1997,CA-PG,4.599
Hercules,1997,CA-G,7.497
The Lost World: Jurassic Park,1997,PG-13,6.54
Scream,1996,R,7.4
Space Jam,1996,PG,6.814
Independence Day,1996,CA-PG,6.894
The Hunchback of Notre Dame,1996,G,7.111
Mission: Impossible,1996,CA-PG,6.989
Aladdin and the King of Thieves,1996,G,6.3
James and the Giant Peach,1996,PG,6.572
Fargo,1996,CA-18A,7.9
Trainspotting,1996,CA-18A,8
Bottle Rocket,1996,R,6.7
Muppet Treasure Island,1996,G,6.6
Jumanji,1995,CA-PG,7.236
Toy Story,1995,CA-G,8
Pocahontas,1995,,7.5
Se7en,1995,CA-18A,8.375
Die Hard: With a Vengeance,1995,CA-14A,7.271
A Goofy Movie,1995,G,6.994
Muriel's Wedding,1994,CA-R,6.8
Pulp Fiction,1994,CA-18A,8.49
The Lion King,1994,G,8.257
Forrest Gump,1994,CA-18A,8.468
Speed,1994,CA-A,7.141
Naked Gun 33⅓: The Final Insult,1994,PG-13,6.474
Schindler's List,1993,R,8.567
The Nightmare Before Christmas,1993,PG,7.837
The Fugitive,1993,PG-13,7.464
Jurassic Park,1993,PG-13,7.952
Groundhog Day,1993,PG,7.611
Aladdin,1992,G,7.652
Home Alone 2: Lost in New York,1992,PG,6.746
Reservoir Dogs,1992,CA-18A,8.1
Alien³,1992,R,6.377
FernGully: The Last Rainforest,1992,G,6.355
Beauty and the Beast,1991,G,7.7
Barton Fink,1991,R,7.462
Terminator 2: Judgment Day,1991,CA-R,8.1
The Naked Gun 2½: The Smell of Fear,1991,PG-13,6.788
The Godfather Part III,1990,CA-R,7.418
Predator 2,1990,R,6.3
The Rescuers Down Under,1990,G,6.638
Home Alone,1990,CA-G,7.437
Miller's Crossing,1990,CA-14A,7.453
DuckTales: The Movie - Treasure of the Lost Lamp,1990,G,6.714
Die Hard 2,1990,CA-18A,6.954
Back to the Future Part III,1990,CA-18A,7.481
Back to the Future Part II,1989,CA-PG,7.764
The Little Mermaid,1989,CA-G,7.35
Ghostbusters II,1989,PG,6.6
Indiana Jones and the Last Crusade,1989,PG-13,7.853
Rain Man,1988,R,7.8
The Naked Gun: From the Files of Police Squad!,1988,PG-13,7.252
Oliver & Company,1988,G,6.719
They Live,1988,CA-14A,7.3
Die Hard,1988,CA-18A,7.793
Who Framed Roger Rabbit,1988,PG,7.527
Grave of the Fireflies,1988,PG-13,8.457
Beetlejuice,1988,PG,7.378
The Princess Bride,1987,CA-PG,7.7
RoboCop,1987,R,7.334
Predator,1987,R,7.5
Raising Arizona,1987,PG-13,7.049
Aliens,1986,CA-14A,7.9
The Great Mouse Detective,1986,G,7.044
Top Gun,1986,CA-PG,7.1
The Black Cauldron,1985,PG,6.417
Back to the Future,1985,PG,8.317
The Goonies,1985,PG,7.514
The Terminator,1984,R,7.7
The Muppets Take Manhattan,1984,G,6.552
Gremlins,1984,PG,7.121
Ghostbusters,1984,PG,7.488
Indiana Jones and the Temple of Doom,1984,PG,7.3
Blood Simple,1984,R,7.246
Return of the Jedi,1983,PG,7.898
The King of Comedy,1982,PG,7.8
A Disney Christmas Gift,1982,G,6.8
Tron,1982,PG,6.64
The Thing,1982,R,8.1
Blade Runner,1982,R,7.9
E.T. the Extra-Terrestrial,1982,CA-14A,7.516
Poltergeist,1982,PG,7.146
The Fox and the Hound,1981,G,7.137
The Great Muppet Caper,1981,G,6.8
Raiders of the Lost Ark,1981,PG,7.9
Raging Bull,1980,R,7.9
The Shining,1980,CA-R,8.2
The Empire Strikes Back,1980,CA-PG,8.4
The Muppet Movie,1979,G,7.2
Alien,1979,CA-18A,8.158
Apocalypse Now,1979,CA-18A,8.3
Close Encounters of the Third Kind,1977,CA-PG,7.357
Pete's Dragon,1977,G,6.3
The Rescuers,1977,G,6.779
Star Wars,1977,CA-PG,8.204
The Many Adventures of Winnie the Pooh,1977,G,7.246
Taxi Driver,1976,R,8.1
Hester Street,1975,PG,6.2
Jaws,1975,CA-14A,7.664
The Godfather Part II,1974,R,8.6
Herbie Rides Again,1974,G,6.1
Robin Hood,1973,G,7.3
The Godfather,1972,CA-R,8.69
A Clockwork Orange,1971,CA-R,8.187
Bedknobs and Broomsticks,1971,G,7
The Million Dollar Duck,1971,G,5.7
The Aristocats,1970,CA-G,7.3
Frosty the Snowman,1969,G,6.9
The Love Bug,1968,G,6.5
2001: A Space Odyssey,1968,CA-PG,8.065
The Jungle Book,1967,G,7.278
That Darn Cat!,1965,G,6.6
Mary Poppins,1964,G,7.562
Rudolph the Red-Nosed Reindeer,1964,G,7.377
Goldfinger,1964,CA-PG,7.348
The Sword in the Stone,1963,G,7.232
One Hundred and One Dalmatians,1961,G,7.173
Swiss Family Robinson,1960,G,6.873
Darby O'Gill and the Little People,1959,G,6.7
Sleeping Beauty,1959,G,6.9
Old Yeller,1957,NR,6.873
12 Angry Men,1957,CA-PG,8.5
1984,1956,NR,6.5
Lady and the Tramp,1955,G,7.119
"20,000 Leagues Under the Sea",1954,G,7
Peter Pan,1953,G,7.202
Alice in Wonderland,1951,G,7.195
Cinderella,1950,G,7.043
The Adventures of Ichabod and Mr. Toad,1949,NR,6.5
Melody Time,1948,NR,6.152
Fun and Fancy Free,1947,G,6.3
Song of the South,1946,G,6.433
Make Mine Music,1946,G,5.9
The Three Caballeros,1944,G,6.295
Victory Through Air Power,1943,PG,5.7
Saludos Amigos,1942,NR,5.8
Bambi,1942,G,7.009
Dumbo,1941,G,6.998
The Reluctant Dragon,1941,G,6.6
Citizen Kane,1941,CA-14A,8
Fantasia,1940,CA-PG,7.4
Pinocchio,1940,G,7.102
The Wizard of Oz,1939,G,7.6
Snow White and the Seven Dwarfs,1938,G,7.122